region,mi_peak_actual_mean,mi_peak_surrogate_mean,mi_excess_area_actual_mean,mi_excess_area_surrogate_mean,te_excess_area_actual_mean,te_excess_area_surrogate_mean,te_directionality_actual_mean,te_directionality_surrogate_mean,mi_curve_above_q95_fraction,te_curve_above_q95_fraction
weak_chaos,0.631571788750232,0.0030535576046824787,10.95031182661309,2.7062820316707508,0.00264919222927047,0.00868034220893733,0.00044461309500023056,0.0011778598037258422,1.0,0.0
strong_chaos,0.7497659521012938,0.003507582194287986,10.548483100323983,2.864415261193105,0.0008853235001718137,0.009543551566604995,0.00014867268754547276,0.0013088799226037844,1.0,0.0
